grupo,renda,consumo,tributo_bruto,cashback,tributo_liquido,carga_bruta_pct,carga_liquida_pct
1,1000,980.0,163.333333,81.666667,81.666667,16.333333,8.166667
2,1600,1520.0,253.333333,126.666667,126.666667,15.833333,7.916667
3,2200,2024.0,337.333333,168.666667,168.666667,15.333333,7.666667
4,2900,2581.0,430.166667,0.0,430.166667,14.833333,14.833333
5,3700,3182.0,530.333333,0.0,530.333333,14.333333,14.333333
6,4700,3854.0,642.333333,0.0,642.333333,13.666667,13.666667
7,6100,4697.0,782.833333,0.0,782.833333,12.833333,12.833333
8,8100,5751.0,958.5,0.0,958.5,11.833333,11.833333
9,11500,7360.0,1226.666667,0.0,1226.666667,10.666667,10.666667
10,21000,10500.0,1750.0,0.0,1750.0,8.333333,8.333333
